EXPEDIENTE;TIPO;REGIÓN;PROVINCIA;CIUDAD;TAMAÑO;SECTOR;EMPLEADOS;ACTIVO;PATRIMONIO;VENTAS;UTILIDAD;SECTOR_PROD
153153;ANÓNIMA;SIERRA;PICHINCHA;QUITO;GRANDE;SOCIETARIO;2;70286808,5;54763679,4;8678309,85;7573358,79;INMOBILIARIA
1991;ANÓNIMA;SIERRA;PICHINCHA;QUITO;GRANDE;SOCIETARIO;4;77229266,3;64957986,8;14029547,08;6530736,14;INMOBILIARIA
69261;ANÓNIMA;COSTA;GUAYAS;GUAYAQUIL;GRANDE;MERCADO DE VALORES;105;79128290,06;53989593,52;21289362,9;6388106,52;INMOBILIARIA
49000;ANÓNIMA;COSTA;GUAYAS;GUAYAQUIL;GRANDE;SOCIETARIO;4;42752781,9;36922358,7;9632018,74;5152411,39;INMOBILIARIA
110069;ANÓNIMA;COSTA;GUAYAS;GUAYAQUIL;GRANDE;SOCIETARIO;4;17874931,5;7911764,34;7044856,45;4018942,82;INMOBILIARIA
83682;RESPONSABILIDAD LIMITADA;COSTA;GUAYAS;DAULE;GRANDE;SOCIETARIO;157;70705362,6;21464864,6;33938996,04;3702393,68;INMOBILIARIA
76023;ANÓNIMA;COSTA;GUAYAS;GUAYAQUIL;MEDIANA;SOCIETARIO;4;4650212,53;4614325,69;0;3670708,91;INMOBILIARIA
40185;ANÓNIMA;COSTA;GUAYAS;GUAYAQUIL;GRANDE;MERCADO DE VALORES;6;171776093,6;126047305,4;19228356,71;3231422,32;INMOBILIARIA
47290;ANÓNIMA;SIERRA;PICHINCHA;QUITO;GRANDE;SOCIETARIO;22;59218594;47473852,2;9079722,28;3148226,69;INMOBILIARIA
4444;ANÓNIMA;COSTA;GUAYAS;GUAYAQUIL;MEDIANA;SOCIETARIO;6;20262356,4;18628553,3;4709485,95;3000924,65;INMOBILIARIA
7358;ANÓNIMA;SIERRA;PICHINCHA;QUITO;GRANDE;SOCIETARIO;21;52694593;27466376,9;15001708,5;2939974,41;INMOBILIARIA
140131;ANÓNIMA;COSTA;MANABI;MANTA;GRANDE;SOCIETARIO;4;56671326,4;21597152,3;6200770,62;2896978,84;INMOBILIARIA
150975;ANÓNIMA;SIERRA;PICHINCHA;SANGOLQUÍ;GRANDE;SOCIETARIO;4;36794512,3;24977413,4;5533443,8;2705600,92;INMOBILIARIA
153335;ANÓNIMA;SIERRA;PICHINCHA;QUITO;MEDIANA;SOCIETARIO;2;2678979,74;2669501,16;57267;2653890,4;INMOBILIARIA
121714;ANÓNIMA;COSTA;GUAYAS;GUAYAQUIL;GRANDE;SOCIETARIO;71;43898761,1;9317116,85;12256697,5;2125499,59;INMOBILIARIA
171438;ANÓNIMA;COSTA;GUAYAS;GENERAL VILLAMIL (PLAYAS);MEDIANA;SOCIETARIO;6;12827724,7;10055887;0;2088599,25;INMOBILIARIA
46546;ANÓNIMA;SIERRA;PICHINCHA;QUITO;MEDIANA;SOCIETARIO;2;22646429,9;14255873,1;3741586,02;1660854,53;INMOBILIARIA
71248;ANÓNIMA;COSTA;GUAYAS;GUAYAQUIL;GRANDE;SOCIETARIO;2;27349704,4;12275376,1;6145734,78;1620777,16;INMOBILIARIA
46733;ANÓNIMA;SIERRA;PICHINCHA;QUITO;MEDIANA;SOCIETARIO;3;4062949,28;2516806,15;0;1580545;INMOBILIARIA
148143;ANÓNIMA;SIERRA;PICHINCHA;QUITO;GRANDE;SOCIETARIO;4;10211304,4;3482108,7;7706243,81;1564160,06;INMOBILIARIA
18637;ANÓNIMA;SIERRA;PICHINCHA;QUITO;MEDIANA;SOCIETARIO;4;21871284,5;9769661,69;4154375,93;1455948,38;INMOBILIARIA
157987;RESPONSABILIDAD LIMITADA;SIERRA;PICHINCHA;QUITO;MEDIANA;SOCIETARIO;10;28714845,9;15962081,9;3795494,19;1380984,62;INMOBILIARIA
55755;ANÓNIMA;SIERRA;PICHINCHA;QUITO;GRANDE;SOCIETARIO;37;42314858,1;18862164,3;10309831,6;1286250,38;INMOBILIARIA
19014;ANÓNIMA;COSTA;GUAYAS;GUAYAQUIL;MEDIANA;SOCIETARIO;6;18665293,9;15780819,3;2016922,08;1234081,72;INMOBILIARIA
62603;ANÓNIMA;SIERRA;PICHINCHA;QUITO;GRANDE;SOCIETARIO;42;22894247,8;7398558,89;13295699,52;1218821,6;INMOBILIARIA
90910;ANÓNIMA;SIERRA;PICHINCHA;QUITO;MEDIANA;SOCIETARIO;18;6175182,66;2892637,37;1818955,55;1196744,25;INMOBILIARIA
158813;ANÓNIMA;SIERRA;PICHINCHA;QUITO;MEDIANA;SOCIETARIO;6;11736409,3;6886676,18;2005344,9;1185760,45;INMOBILIARIA
107262;ANÓNIMA;COSTA;GUAYAS;SAMBORONDÓN;MEDIANA;SOCIETARIO;2;6003502,18;2504860,59;610396,95;1171255,71;INMOBILIARIA
120243;ANÓNIMA;COSTA;GUAYAS;SAMBORONDÓN;GRANDE;SOCIETARIO;5;2258910,47;1088594,53;7820307,97;1084775,39;INMOBILIARIA
1121;ANÓNIMA;SIERRA;TUNGURAHUA;AMBATO;MEDIANA;SOCIETARIO;22;26728478;24872689,6;1021728,47;1061329,85;INMOBILIARIA
700453;ANÓNIMA;SIERRA;PICHINCHA;QUITO;MEDIANA;SOCIETARIO;4;12526680,3;6467547,01;2291777,28;982147,44;INMOBILIARIA
44993;ANÓNIMA;COSTA;GUAYAS;GUAYAQUIL;MEDIANA;SOCIETARIO;8;4189476,39;3964874,64;192814,1;954326,05;INMOBILIARIA
129723;ANÓNIMA;COSTA;GUAYAS;GUAYAQUIL;MICROEMPRESA;SOCIETARIO;4;6537310,24;5077226,24;0;954278,02;INMOBILIARIA
144474;ANÓNIMA;COSTA;EL ORO;MACHALA;MEDIANA;SOCIETARIO;107;9038483,18;2725100,66;3879317,11;953767,88;INMOBILIARIA
21858;ANÓNIMA;COSTA;GUAYAS;GUAYAQUIL;MEDIANA;SOCIETARIO;2;1236630,26;1233669,26;36821,82;928829,46;INMOBILIARIA
703324;ANÓNIMA;SIERRA;PICHINCHA;QUITO;MEDIANA;SOCIETARIO;5;14387178,2;7746422,38;2113343,34;851547,81;INMOBILIARIA
109167;ANÓNIMA;COSTA;GUAYAS;GUAYAQUIL;PEQUEÑA;SOCIETARIO;4;2392677,4;1402688,01;0;843201,21;INMOBILIARIA
128415;ANÓNIMA;COSTA;GUAYAS;SAMBORONDÓN;GRANDE;SOCIETARIO;4;40618932,8;2229419,13;22796805,23;828464,61;INMOBILIARIA
161365;ANÓNIMA;SIERRA;PICHINCHA;QUITO;MEDIANA;SOCIETARIO;4;40081038,1;3477818,04;1924920,31;813859,68;INMOBILIARIA
109005;ANÓNIMA;SIERRA;PICHINCHA;QUITO;MEDIANA;SOCIETARIO;114;3165217,34;1067240,82;4350985,63;811666,36;INMOBILIARIA
21978;ANÓNIMA;COSTA;GUAYAS;GUAYAQUIL;MEDIANA;SOCIETARIO;4;20863941,9;12679933,8;2429973,2;781954,52;INMOBILIARIA
27076;RESPONSABILIDAD LIMITADA;COSTA;GUAYAS;GUAYAQUIL;PEQUEÑA;SOCIETARIO;3;760831,59;760831,59;0;752915,91;INMOBILIARIA
161187;ANÓNIMA;COSTA;MANABI;PORTOVIEJO;MEDIANA;SOCIETARIO;2;3442903,21;781466,55;2043258,31;749745,76;INMOBILIARIA
47817;ANÓNIMA;SIERRA;PICHINCHA;QUITO;PEQUEÑA;SOCIETARIO;3;3488675,55;2020728,45;74216,4;727926,99;INMOBILIARIA
707178;ANÓNIMA;SIERRA;PICHINCHA;QUITO;PEQUEÑA;MERCADO DE VALORES;1;12009295,01;11864938,97;969768,62;676445,04;INMOBILIARIA
64957;RESPONSABILIDAD LIMITADA;COSTA;GUAYAS;DAULE;GRANDE;SOCIETARIO;3;80429684,3;6317271,72;37088546,71;634330,98;INMOBILIARIA
138246;ANÓNIMA;SIERRA;PICHINCHA;QUITO;MEDIANA;SOCIETARIO;9;3590480,71;1783605,81;3825711,38;624353,51;INMOBILIARIA
706619;ANÓNIMA;COSTA;GUAYAS;SAMBORONDÓN;PEQUEÑA;SOCIETARIO;4;6015363,48;5938612,64;0;600814,2;INMOBILIARIA
161305;RESPONSABILIDAD LIMITADA;SIERRA;PICHINCHA;QUITO;GRANDE;SOCIETARIO;25;7111749,53;625172,09;5283344,65;600430,89;INMOBILIARIA
5958;ANÓNIMA;COSTA;GUAYAS;GUAYAQUIL;PEQUEÑA;SOCIETARIO;4;2061286,96;1734460,96;353908,76;597355,58;INMOBILIARIA
115193;RESPONSABILIDAD LIMITADA;COSTA;GUAYAS;SAMBORONDÓN;GRANDE;SOCIETARIO;102;22752236,9;6061784,88;8895347,3;572597,04;INMOBILIARIA
149707;ANÓNIMA;COSTA;GUAYAS;GUAYAQUIL;GRANDE;SOCIETARIO;12;22342766,8;1086181,57;83955911,06;569110,11;INMOBILIARIA
130709;ANÓNIMA;COSTA;GUAYAS;DAULE;MEDIANA;SOCIETARIO;4;3402443,34;2656757,8;1660319,49;568476,23;INMOBILIARIA
56871;ANÓNIMA;COSTA;GUAYAS;GUAYAQUIL;GRANDE;SOCIETARIO;12;515194732;66713391,1;42254413,1;566251,62;INMOBILIARIA
165631;SUCURSAL EXTRANJERA;SIERRA;PICHINCHA;QUITO;MEDIANA;SOCIETARIO;14;6107864,51;4035452,16;1956552,58;556363,62;INMOBILIARIA
4901;ANÓNIMA;COSTA;GUAYAS;GUAYAQUIL;MEDIANA;SOCIETARIO;16;23750596,6;19558503,9;2157058,09;548302,52;INMOBILIARIA
71911;ANÓNIMA;COSTA;GUAYAS;SAMBORONDÓN;GRANDE;SOCIETARIO;21;20831350,8;1416249,45;7687737,9;543116,47;INMOBILIARIA
172949;ANÓNIMA;SIERRA;IMBABURA;IBARRA;MEDIANA;SOCIETARIO;11;13178624,1;8785850,26;2404747,56;536643,59;INMOBILIARIA
87532;ANÓNIMA;SIERRA;PICHINCHA;QUITO;MEDIANA;SOCIETARIO;4;12223953,2;11461037,3;980258,28;530119,14;INMOBILIARIA
701631;SUCURSAL EXTRANJERA;SIERRA;PICHINCHA;QUITO;MEDIANA;SOCIETARIO;2;10522078,6;5283622,07;0;527645,22;INMOBILIARIA
65239;ANÓNIMA;COSTA;GUAYAS;GUAYAQUIL;MEDIANA;SOCIETARIO;2;7191340,75;4522818,43;1190773,93;512908,94;INMOBILIARIA
102764;ANÓNIMA;COSTA;GUAYAS;GUAYAQUIL;PEQUEÑA;SOCIETARIO;6;6676422,63;2433779,19;953262,24;494647,7;INMOBILIARIA
10423;RESPONSABILIDAD LIMITADA;SIERRA;PICHINCHA;QUITO;MEDIANA;SOCIETARIO;4;14116868,7;11683598,6;3292807,22;488922,43;INMOBILIARIA
715303;ANÓNIMA;COSTA;GUAYAS;GUAYAQUIL;MEDIANA;SOCIETARIO;3;10036858;9233856,84;1027134,26;488615,38;INMOBILIARIA
124922;ANÓNIMA;COSTA;GUAYAS;GUAYAQUIL;MICROEMPRESA;SOCIETARIO;4;3269055,12;2539013,12;0;477139,01;INMOBILIARIA
84908;ANÓNIMA;COSTA;GUAYAS;GUAYAQUIL;MEDIANA;SOCIETARIO;7;2186403,55;1071114,38;13200;474541,39;INMOBILIARIA
14917;ANÓNIMA;SIERRA;PICHINCHA;QUITO;MEDIANA;SOCIETARIO;4;16852739,2;9261655,67;1647777,46;462882,73;INMOBILIARIA
59506;ANÓNIMA;COSTA;GUAYAS;GUAYAQUIL;MEDIANA;SOCIETARIO;5;5802650,22;936615,34;1878918,39;455203,49;INMOBILIARIA
103447;ANÓNIMA;COSTA;GUAYAS;GUAYAQUIL;GRANDE;SOCIETARIO;162;17770235,3;846537,23;5458194,62;451238,98;INMOBILIARIA
27914;ANÓNIMA;COSTA;GUAYAS;GUAYAQUIL;PEQUEÑA;SOCIETARIO;3;618803,66;549445,09;0;440346,1;INMOBILIARIA
76815;ANÓNIMA;COSTA;GUAYAS;GUAYAQUIL;PEQUEÑA;SOCIETARIO;10;930799;753031,07;0;431875,17;INMOBILIARIA
22671;ANÓNIMA;COSTA;GUAYAS;GUAYAQUIL;PEQUEÑA;SOCIETARIO;8;4323597,33;1530764,78;719085,32;424133,85;INMOBILIARIA
104248;ANÓNIMA;COSTA;GUAYAS;GUAYAQUIL;PEQUEÑA;SOCIETARIO;7;681246,21;672733,45;0;413810,86;INMOBILIARIA
143400;ANÓNIMA;SIERRA;PICHINCHA;QUITO;PEQUEÑA;SOCIETARIO;4;1130514,76;1064689,81;974225;405420,39;INMOBILIARIA
49120;ANÓNIMA;SIERRA;PICHINCHA;QUITO;MEDIANA;SOCIETARIO;4;4109213,32;3595834,42;1029441,86;386576,04;INMOBILIARIA
166362;ANÓNIMA;COSTA;GUAYAS;GUAYAQUIL;MEDIANA;SOCIETARIO;6;24593085,1;21726782,5;1968379,02;385765,98;INMOBILIARIA
136535;ANÓNIMA;COSTA;GUAYAS;GUAYAQUIL;MEDIANA;SOCIETARIO;15;737688,91;391324,87;1258472,69;382173,04;INMOBILIARIA
70782;ANÓNIMA;COSTA;GUAYAS;GUAYAQUIL;MEDIANA;SOCIETARIO;14;12378750,3;6915381,14;1504860,4;374740,4;INMOBILIARIA
7092;ANÓNIMA;SIERRA;PICHINCHA;QUITO;PEQUEÑA;SOCIETARIO;4;4966643,22;4832402,37;34331,32;374464,86;INMOBILIARIA
20403;ANÓNIMA;COSTA;GUAYAS;GUAYAQUIL;MEDIANA;SOCIETARIO;2;14489264,7;483306,17;1194241,08;369895,51;INMOBILIARIA
47786;ANÓNIMA;SIERRA;PICHINCHA;QUITO;MEDIANA;SOCIETARIO;4;2924776,03;1023690,75;1071000;368484,47;INMOBILIARIA
125453;ANÓNIMA;COSTA;GUAYAS;GUAYAQUIL;GRANDE;SOCIETARIO;46;9075156,65;3068327,53;6512668,24;367117,84;INMOBILIARIA
108666;ANÓNIMA;COSTA;GUAYAS;GUAYAQUIL;PEQUEÑA;SOCIETARIO;4;3192532,94;484422,87;110271,48;350863,81;INMOBILIARIA
139009;ANÓNIMA;COSTA;GUAYAS;GUAYAQUIL;PEQUEÑA;SOCIETARIO;2;589328,79;372363,92;0;349986,29;INMOBILIARIA
133241;ANÓNIMA;COSTA;GUAYAS;GUAYAQUIL;MEDIANA;SOCIETARIO;4;1766086,8;418205,72;1224236,76;330505,76;INMOBILIARIA
108423;ANÓNIMA;SIERRA;PICHINCHA;QUITO;PEQUEÑA;SOCIETARIO;6;329011,88;329011,88;0;327811,88;INMOBILIARIA
79915;ANÓNIMA;COSTA;GUAYAS;GUAYAQUIL;MEDIANA;SOCIETARIO;3;11362936,2;2756372,84;1050839,91;319816,82;INMOBILIARIA
41395;ANÓNIMA;COSTA;GUAYAS;GUAYAQUIL;PEQUEÑA;SOCIETARIO;7;691824,1;379420,32;690100;313226,89;INMOBILIARIA
8469;ANÓNIMA;SIERRA;PICHINCHA;QUITO;PEQUEÑA;SOCIETARIO;7;4714918,73;1261220,67;907005,24;310518,99;INMOBILIARIA
17155;RESPONSABILIDAD LIMITADA;SIERRA;PICHINCHA;QUITO;PEQUEÑA;SOCIETARIO;8;1834269;1598031;276000;310387;INMOBILIARIA
141978;ANÓNIMA;COSTA;GUAYAS;GUAYAQUIL;MEDIANA;SOCIETARIO;5;6572159,5;969227,19;1373764,19;310070,64;INMOBILIARIA
708003;ANÓNIMA;SIERRA;PICHINCHA;QUITO;PEQUEÑA;SOCIETARIO;6;7727892,4;4415894,81;906834,71;304631,23;INMOBILIARIA
157798;ANÓNIMA;COSTA;GUAYAS;GUAYAQUIL;PEQUEÑA;SOCIETARIO;4;474751,08;473357,56;384415,25;299779,28;INMOBILIARIA
182741;ANÓNIMA;COSTA;GUAYAS;GUAYAQUIL;MEDIANA;SOCIETARIO;2;1482803,72;543247,69;1396736,3;297743,7;INMOBILIARIA
102962;ANÓNIMA;COSTA;GUAYAS;ELOY ALFARO (DURAN);MEDIANA;SOCIETARIO;5;4537262,38;4285052,96;996775;294822,97;INMOBILIARIA
13811;ANÓNIMA;SIERRA;PICHINCHA;QUITO;PEQUEÑA;SOCIETARIO;2;1257944,97;1156107,88;48680;294607,07;INMOBILIARIA
1381;ANÓNIMA;SIERRA;PICHINCHA;QUITO;PEQUEÑA;SOCIETARIO;2;4481677,18;4214134,72;555693,36;293061,77;INMOBILIARIA
174556;ANÓNIMA;COSTA;GUAYAS;DAULE;PEQUEÑA;SOCIETARIO;3;5232923,94;1000721,05;640282,83;292080,38;INMOBILIARIA
68502;ANÓNIMA;COSTA;GUAYAS;GUAYAQUIL;PEQUEÑA;SOCIETARIO;14;1548380,36;1048364,63;432439,32;289833,84;INMOBILIARIA
161218;ANÓNIMA;SIERRA;PICHINCHA;QUITO;MEDIANA;SOCIETARIO;24;14081193,6;10931819;2530499,76;281351,93;INMOBILIARIA
72505;ANÓNIMA;COSTA;GUAYAS;GUAYAQUIL;PEQUEÑA;SOCIETARIO;6;561387,82;481802,59;64378,75;280943,75;INMOBILIARIA
43989;ANÓNIMA;COSTA;GUAYAS;GUAYAQUIL;PEQUEÑA;SOCIETARIO;6;1047935,72;933991,26;16150;280603,41;INMOBILIARIA
5027;ANÓNIMA;COSTA;GUAYAS;GUAYAQUIL;PEQUEÑA;SOCIETARIO;2;291704,1;286592,51;0;279491,43;INMOBILIARIA
132826;ANÓNIMA;COSTA;GUAYAS;GUAYAQUIL;MEDIANA;SOCIETARIO;69;3997858,81;305300,73;2394636,14;278762,88;INMOBILIARIA
74431;ANÓNIMA;COSTA;EL ORO;MACHALA;PEQUEÑA;SOCIETARIO;7;2703891,28;1642206,74;371912,31;269679,01;INMOBILIARIA
141200;ANÓNIMA;COSTA;GUAYAS;GUAYAQUIL;PEQUEÑA;SOCIETARIO;4;3790688,17;2060381,73;0;267205,88;INMOBILIARIA
152949;ANÓNIMA;SIERRA;PICHINCHA;QUITO;PEQUEÑA;SOCIETARIO;4;7949740,15;276136,8;0;265897,65;INMOBILIARIA
157794;ANÓNIMA;COSTA;GUAYAS;GUAYAQUIL;MEDIANA;SOCIETARIO;17;2812475,38;453745,63;1643813,39;261779,14;INMOBILIARIA
12662;RESPONSABILIDAD LIMITADA;SIERRA;PICHINCHA;QUITO;PEQUEÑA;SOCIETARIO;2;3093249,4;2362402,77;601708,49;254739,25;INMOBILIARIA
130513;ANÓNIMA;COSTA;GUAYAS;GUAYAQUIL;MEDIANA;SOCIETARIO;48;858343,2;301128,64;2508129,43;251628,64;INMOBILIARIA
5543;ANÓNIMA;COSTA;GUAYAS;GUAYAQUIL;PEQUEÑA;SOCIETARIO;6;1214669,42;447399,03;457077,58;251472,77;INMOBILIARIA
4470;ANÓNIMA;COSTA;GUAYAS;GUAYAQUIL;PEQUEÑA;SOCIETARIO;7;417574,19;344925,78;931426,42;250188,75;INMOBILIARIA
133453;ANÓNIMA;COSTA;GUAYAS;GUAYAQUIL;MEDIANA;SOCIETARIO;4;4979932,73;2226588,08;1034546,1;249321,16;INMOBILIARIA
129049;ANÓNIMA;COSTA;GUAYAS;GUAYAQUIL;GRANDE;SOCIETARIO;69;15763320,5;2041446,4;10774456,61;245228,52;INMOBILIARIA
151777;ANÓNIMA;SIERRA;PICHINCHA;QUITO;PEQUEÑA;SOCIETARIO;4;2918521,52;1459715,76;932043,08;244863,63;INMOBILIARIA
64143;ANÓNIMA;SIERRA;PICHINCHA;QUITO;PEQUEÑA;SOCIETARIO;9;2426827,81;810382,53;608565,57;242180,94;INMOBILIARIA
2473;ANÓNIMA;COSTA;GUAYAS;GUAYAQUIL;MEDIANA;SOCIETARIO;6;13932682,4;11443587,9;1139110,97;240735,61;INMOBILIARIA
65674;ANÓNIMA;COSTA;GUAYAS;GUAYAQUIL;PEQUEÑA;SOCIETARIO;4;1600395,44;1567936,39;522300;238514,94;INMOBILIARIA
5011;ANÓNIMA;COSTA;GUAYAS;GUAYAQUIL;PEQUEÑA;SOCIETARIO;6;1110751,2;1039553,68;154642,37;238434,37;INMOBILIARIA
148327;ANÓNIMA;COSTA;GUAYAS;GUAYAQUIL;PEQUEÑA;SOCIETARIO;4;1646472,26;1558269,66;660000;235146,19;INMOBILIARIA
108687;ANÓNIMA;COSTA;GUAYAS;GUAYAQUIL;PEQUEÑA;SOCIETARIO;1;19507657,5;8192001,82;541280,09;232882,25;INMOBILIARIA
33472;RESPONSABILIDAD LIMITADA;SIERRA;AZUAY;CUENCA;MEDIANA;SOCIETARIO;7;14528296,3;3428142,58;3773568,41;231945,38;INMOBILIARIA
25065;RESPONSABILIDAD LIMITADA;COSTA;GUAYAS;GUAYAQUIL;PEQUEÑA;SOCIETARIO;3;10695229,5;10344270,3;936253;229652,38;INMOBILIARIA
159236;ANÓNIMA;SIERRA;PICHINCHA;QUITO;PEQUEÑA;SOCIETARIO;4;2101297,12;2044632,6;207032,68;226948,1;INMOBILIARIA
57531;ANÓNIMA;COSTA;GUAYAS;SAMBORONDÓN;GRANDE;SOCIETARIO;19;10891825,9;473948,91;6458494,03;222771,21;INMOBILIARIA
172773;ANÓNIMA;COSTA;SANTA ELENA;SANTA ELENA;MEDIANA;SOCIETARIO;6;6418796,84;1200690,93;3748769,31;222262,65;INMOBILIARIA
5855;ANÓNIMA;COSTA;GUAYAS;GUAYAQUIL;MEDIANA;SOCIETARIO;6;20383204;2959841,25;3533963,06;221688,42;INMOBILIARIA
65492;ANÓNIMA;SIERRA;PICHINCHA;QUITO;PEQUEÑA;SOCIETARIO;7;4446126,13;4373787,57;757215,6;220423,51;INMOBILIARIA
95010;RESPONSABILIDAD LIMITADA;SIERRA;AZUAY;CUENCA;PEQUEÑA;SOCIETARIO;8;6698993,89;5442948,5;860400;215804,03;INMOBILIARIA
133966;ANÓNIMA;COSTA;EL ORO;MACHALA;MEDIANA;SOCIETARIO;48;6745307,92;2455407,83;4358180,28;212536,46;INMOBILIARIA
63808;ANÓNIMA;SIERRA;PICHINCHA;QUITO;PEQUEÑA;SOCIETARIO;6;6131402,52;4986103,51;419911,34;209228,29;INMOBILIARIA
120713;ANÓNIMA;COSTA;GUAYAS;GUAYAQUIL;PEQUEÑA;SOCIETARIO;2;4523759,66;1065170,05;519744,22;209148,25;INMOBILIARIA
42783;ANÓNIMA;COSTA;GUAYAS;GUAYAQUIL;PEQUEÑA;SOCIETARIO;2;1514501,12;714628,39;442125,76;205566,14;INMOBILIARIA
168687;ANÓNIMA;SIERRA;PICHINCHA;QUITO;MEDIANA;SOCIETARIO;1;18690913,1;14246950;1237323,33;205213,72;INMOBILIARIA
121559;ANÓNIMA;COSTA;GUAYAS;GUAYAQUIL;MEDIANA;SOCIETARIO;2;7678911,76;274829,98;337965,72;204462,87;INMOBILIARIA
90298;ANÓNIMA;SIERRA;PICHINCHA;QUITO;PEQUEÑA;SOCIETARIO;2;7100340,13;6134636,55;893655,84;199744,76;INMOBILIARIA
65027;ANÓNIMA;COSTA;GUAYAS;GUAYAQUIL;PEQUEÑA;SOCIETARIO;12;2168136,01;1969355,14;542694;192354,01;INMOBILIARIA
128659;ANÓNIMA;COSTA;GUAYAS;GUAYAQUIL;MEDIANA;SOCIETARIO;5;9284542,19;1083603,54;1527555,41;187168,54;INMOBILIARIA
123105;ANÓNIMA;COSTA;GUAYAS;GUAYAQUIL;MEDIANA;SOCIETARIO;3;10363436,7;1861543,86;224415,21;184159,1;INMOBILIARIA
84660;ANÓNIMA;COSTA;GUAYAS;GUAYAQUIL;PEQUEÑA;SOCIETARIO;4;525020,48;477359,57;0;181557,92;INMOBILIARIA
79861;ANÓNIMA;COSTA;GUAYAS;GUAYAQUIL;PEQUEÑA;SOCIETARIO;6;385046,19;259717,69;0;180438,4;INMOBILIARIA
91609;ANÓNIMA;SIERRA;PICHINCHA;QUITO;MEDIANA;SOCIETARIO;4;8875714,66;4571815,47;1687096,02;175583,31;INMOBILIARIA
106072;ANÓNIMA;COSTA;GUAYAS;GUAYAQUIL;PEQUEÑA;SOCIETARIO;4;2231737,53;516932,36;418971,48;175208,91;INMOBILIARIA
201330;RESPONSABILIDAD LIMITADA;SIERRA;LOJA;LOJA;MEDIANA;SOCIETARIO;9;1078953,59;-37132,25;1257493;173151,85;INMOBILIARIA
55803;ANÓNIMA;COSTA;GUAYAS;GUAYAQUIL;PEQUEÑA;SOCIETARIO;4;5008467,94;1549845,38;447742,56;169729,06;INMOBILIARIA
183292;RESPONSABILIDAD LIMITADA;SIERRA;AZUAY;CUENCA;PEQUEÑA;SOCIETARIO;7;3158782,84;533290,4;516192,22;167562,11;INMOBILIARIA
4140;ANÓNIMA;COSTA;GUAYAS;GUAYAQUIL;PEQUEÑA;SOCIETARIO;4;2885381,9;2750947,46;500020,88;165632;INMOBILIARIA
58378;ANÓNIMA;COSTA;GUAYAS;GUAYAQUIL;PEQUEÑA;SOCIETARIO;4;323962,23;323941,09;0;157518,93;INMOBILIARIA
45536;ANÓNIMA;SIERRA;PICHINCHA;SANGOLQUÍ;PEQUEÑA;SOCIETARIO;4;4742896,43;4422654,6;422097,83;156917,34;INMOBILIARIA
112746;ANÓNIMA;SIERRA;PICHINCHA;QUITO;MEDIANA;SOCIETARIO;16;505977,46;391156,61;1092086,06;156095,5;INMOBILIARIA
41099;ANÓNIMA;COSTA;GUAYAS;GUAYAQUIL;PEQUEÑA;SOCIETARIO;4;9944994,42;9338790,85;619451,15;155996,56;INMOBILIARIA
138747;ANÓNIMA;COSTA;GUAYAS;DAULE;PEQUEÑA;SOCIETARIO;4;2187192,05;799200,16;477101,11;155724,57;INMOBILIARIA
90120;ANÓNIMA;SIERRA;PICHINCHA;QUITO;PEQUEÑA;SOCIETARIO;12;4302629,5;4300755,62;480000;153170,74;INMOBILIARIA
17101;RESPONSABILIDAD LIMITADA;SIERRA;PICHINCHA;QUITO;PEQUEÑA;SOCIETARIO;6;3601158,08;3132998,01;189632,26;153114;INMOBILIARIA
104895;ANÓNIMA;COSTA;GUAYAS;GUAYAQUIL;MEDIANA;SOCIETARIO;5;1359651,37;580755,11;3164663,21;152305,96;INMOBILIARIA
42853;ANÓNIMA;COSTA;GUAYAS;GUAYAQUIL;PEQUEÑA;SOCIETARIO;4;296462,13;295130,19;0;151828,53;INMOBILIARIA
46576;ANÓNIMA;SIERRA;PICHINCHA;QUITO;PEQUEÑA;SOCIETARIO;4;7260640,9;7044053,11;603760,66;151765,13;INMOBILIARIA
141792;ANÓNIMA;SIERRA;PICHINCHA;QUITO;PEQUEÑA;SOCIETARIO;6;4085118,87;565773,12;727667,5;149766,79;INMOBILIARIA
17676;RESPONSABILIDAD LIMITADA;SIERRA;PICHINCHA;QUITO;PEQUEÑA;SOCIETARIO;2;15784841;15781387,1;660679,75;149332,42;INMOBILIARIA
146719;ANÓNIMA;SIERRA;PICHINCHA;QUITO;MEDIANA;SOCIETARIO;56;466741,84;308766,25;1394490,1;146678,08;INMOBILIARIA
141255;ANÓNIMA;SIERRA;PICHINCHA;QUITO;PEQUEÑA;SOCIETARIO;11;495168,11;381727,92;702011,69;143138,51;INMOBILIARIA
45647;ANÓNIMA;SIERRA;PICHINCHA;QUITO;PEQUEÑA;SOCIETARIO;4;643037,34;594648,89;236176,8;141401,53;INMOBILIARIA
142510;ANÓNIMA;COSTA;GUAYAS;GUAYAQUIL;PEQUEÑA;SOCIETARIO;23;955973,21;865156,53;493252,14;141272,05;INMOBILIARIA
62916;ANÓNIMA;SIERRA;PICHINCHA;QUITO;PEQUEÑA;SOCIETARIO;5;1221739,74;828726,92;716613,16;140608,23;INMOBILIARIA
4226;ANÓNIMA;COSTA;GUAYAS;GUAYAQUIL;MEDIANA;SOCIETARIO;6;7568394,39;6953708,86;1182604,04;140578,5;INMOBILIARIA
155668;ANÓNIMA;SIERRA;PICHINCHA;QUITO;PEQUEÑA;SOCIETARIO;7;7224012,44;2303949,24;731900;138668,76;INMOBILIARIA
156408;ANÓNIMA;SIERRA;PICHINCHA;QUITO;PEQUEÑA;SOCIETARIO;9;3318262,26;2002471,69;991081,22;137570,23;INMOBILIARIA
58875;ANÓNIMA;COSTA;GUAYAS;GUAYAQUIL;PEQUEÑA;SOCIETARIO;4;2758248,91;579036,61;647963,18;136840,77;INMOBILIARIA
103605;ANÓNIMA;SIERRA;PICHINCHA;QUITO;MEDIANA;SOCIETARIO;4;2330327,09;186211,97;1637955,07;136710,03;INMOBILIARIA
50027;ANÓNIMA;SIERRA;PICHINCHA;QUITO;PEQUEÑA;SOCIETARIO;6;5199206,29;4302143,67;987909,52;133842,46;INMOBILIARIA
38234;ANÓNIMA;COSTA;EL ORO;MACHALA;PEQUEÑA;SOCIETARIO;4;1282144,61;517536,62;754750;132740,37;INMOBILIARIA
24082;RESPONSABILIDAD LIMITADA;COSTA;GUAYAS;GUAYAQUIL;PEQUEÑA;SOCIETARIO;2;653527,22;592732,68;0;131059,46;INMOBILIARIA
128971;ANÓNIMA;COSTA;GUAYAS;GUAYAQUIL;PEQUEÑA;SOCIETARIO;2;228881,23;197088,15;0;129774,73;INMOBILIARIA
102306;ANÓNIMA;COSTA;GUAYAS;GUAYAQUIL;GRANDE;SOCIETARIO;31;4145252,52;1316214,43;12295442,7;128878,95;INMOBILIARIA
300152;ANÓNIMA;SIERRA;PICHINCHA;CUMBAYÁ;PEQUEÑA;SOCIETARIO;2;2452141,09;98129,79;880000;128257,96;INMOBILIARIA
136157;ANÓNIMA;COSTA;GUAYAS;GUAYAQUIL;MEDIANA;SOCIETARIO;2;463434,94;414067,72;675649,56;127781,89;INMOBILIARIA
99504;ANÓNIMA;SIERRA;PICHINCHA;QUITO;PEQUEÑA;SOCIETARIO;2;1612009,6;481549,52;16000;127767,2;INMOBILIARIA
163627;ANÓNIMA;SIERRA;PICHINCHA;QUITO;PEQUEÑA;SOCIETARIO;5;1848061,74;939682,7;289600;127639,59;INMOBILIARIA
707182;ANÓNIMA;SIERRA;PICHINCHA;QUITO;PEQUEÑA;SOCIETARIO;4;6229681,46;6198646,11;198642,87;124785,47;INMOBILIARIA
11945;ANÓNIMA;SIERRA;PICHINCHA;QUITO;PEQUEÑA;SOCIETARIO;6;2799319,75;2699914,61;442701;123976,54;INMOBILIARIA
20453;ANÓNIMA;COSTA;GUAYAS;GUAYAQUIL;PEQUEÑA;SOCIETARIO;6;1185981,3;1113149,31;187416,55;121876,17;INMOBILIARIA
95250;RESPONSABILIDAD LIMITADA;SIERRA;AZUAY;CUENCA;PEQUEÑA;SOCIETARIO;4;9059483,9;8783527,87;748609,24;121270,44;INMOBILIARIA
162704;ANÓNIMA;SIERRA;PICHINCHA;QUITO;PEQUEÑA;SOCIETARIO;5;2929447,56;1154352,94;515600;118247,9;INMOBILIARIA
90408;ANÓNIMA;SIERRA;PICHINCHA;QUITO;PEQUEÑA;SOCIETARIO;6;305167,96;264657,74;46200;116413,25;INMOBILIARIA
139972;ANÓNIMA;SIERRA;PICHINCHA;QUITO;MEDIANA;SOCIETARIO;9;2957569,9;116867,3;4431956,41;115898,99;INMOBILIARIA
152885;ANÓNIMA;SIERRA;PICHINCHA;QUITO;PEQUEÑA;SOCIETARIO;4;5407669,88;1398990,61;446617,17;114205,82;INMOBILIARIA
81981;ANÓNIMA;COSTA;GUAYAS;SAMBORONDÓN;MICROEMPRESA;SOCIETARIO;4;314657,38;161593,77;0;112176,47;INMOBILIARIA
146153;ANÓNIMA;SIERRA;PICHINCHA;QUITO;MEDIANA;SOCIETARIO;45;492629,6;128702,15;1391846,59;111879,69;INMOBILIARIA
44632;ANÓNIMA;COSTA;GUAYAS;GUAYAQUIL;PEQUEÑA;SOCIETARIO;5;2472025,08;1654208,8;480000;111673,08;INMOBILIARIA
166479;ANÓNIMA;COSTA;GUAYAS;GUAYAQUIL;PEQUEÑA;SOCIETARIO;10;2937522,37;2836974;366091,2;106336,94;INMOBILIARIA
129995;ANÓNIMA;COSTA;GUAYAS;GUAYAQUIL;MEDIANA;SOCIETARIO;6;458469,75;112130,77;3022772,77;105472,09;INMOBILIARIA
25364;ANÓNIMA;COSTA;GUAYAS;GUAYAQUIL;PEQUEÑA;SOCIETARIO;3;1084656,11;1052507,98;20734,32;104376,06;INMOBILIARIA
169361;ANÓNIMA;SIERRA;AZUAY;CUENCA;PEQUEÑA;SOCIETARIO;10;3112295,22;673648,86;497897,06;103298,08;INMOBILIARIA
90749;ANÓNIMA;SIERRA;PICHINCHA;QUITO;PEQUEÑA;SOCIETARIO;2;1467910,48;613830,1;429240;103197,21;INMOBILIARIA
706360;ANÓNIMA;COSTA;GUAYAS;GUAYAQUIL;PEQUEÑA;SOCIETARIO;8;636569,17;245694,22;260520,91;103114,3;INMOBILIARIA
72698;ANÓNIMA;COSTA;GUAYAS;GUAYAQUIL;MEDIANA;SOCIETARIO;74;1029671,64;404734,86;1177931,02;102874,8;INMOBILIARIA
135676;ANÓNIMA;COSTA;GUAYAS;GUAYAQUIL;PEQUEÑA;SOCIETARIO;5;1835204,62;787006,58;184220,1;100439,75;INMOBILIARIA
130934;ANÓNIMA;COSTA;GUAYAS;GUAYAQUIL;GRANDE;SOCIETARIO;159;1524032,98;923988,66;2298879;99373,85;INMOBILIARIA
70332;ANÓNIMA;COSTA;GUAYAS;GUAYAQUIL;PEQUEÑA;SOCIETARIO;14;811486,32;792292,93;156000;99367,64;INMOBILIARIA
57545;ANÓNIMA;COSTA;GUAYAS;GUAYAQUIL;PEQUEÑA;SOCIETARIO;4;2408988,24;2170817,81;0;99365,67;INMOBILIARIA
155155;ANÓNIMA;SIERRA;PICHINCHA;QUITO;PEQUEÑA;SOCIETARIO;8;650148,09;421714,67;284912,12;99101,55;INMOBILIARIA
43673;ANÓNIMA;COSTA;GUAYAS;GUAYAQUIL;PEQUEÑA;SOCIETARIO;4;1585309,82;99599,99;361438,34;98799,99;INMOBILIARIA
117107;ANÓNIMA;COSTA;GUAYAS;GUAYAQUIL;PEQUEÑA;SOCIETARIO;4;187512,9;124948,27;70084,55;98273,39;INMOBILIARIA
143892;ANÓNIMA;SIERRA;PICHINCHA;QUITO;PEQUEÑA;SOCIETARIO;6;411646,74;328424,76;181701,6;96869,51;INMOBILIARIA
703810;ANÓNIMA;SIERRA;PICHINCHA;QUITO;PEQUEÑA;SOCIETARIO;3;2279166,85;157080,48;333000;96564,43;INMOBILIARIA
135490;ANÓNIMA;COSTA;GUAYAS;GUAYAQUIL;PEQUEÑA;SOCIETARIO;2;2967517,82;283332,81;113125;96043,39;INMOBILIARIA
129699;ANÓNIMA;COSTA;GUAYAS;GUAYAQUIL;MEDIANA;SOCIETARIO;4;5734231,13;1650583,26;1679410,15;94809,83;INMOBILIARIA
115686;ANÓNIMA;COSTA;GUAYAS;GUAYAQUIL;MEDIANA;SOCIETARIO;70;1771225,39;1459461,58;1490623,21;94687,16;INMOBILIARIA
3773;ANÓNIMA;COSTA;GUAYAS;GUAYAQUIL;PEQUEÑA;SOCIETARIO;4;587100,62;516440,52;939661,68;94588,21;INMOBILIARIA
142162;ANÓNIMA;COSTA;GUAYAS;GUAYAQUIL;PEQUEÑA;SOCIETARIO;4;344308,57;342941,67;25500;94503,25;INMOBILIARIA
38367;ANÓNIMA;COSTA;EL ORO;MACHALA;PEQUEÑA;SOCIETARIO;4;1734770,14;1490704,05;335404,8;94238,69;INMOBILIARIA
175477;RESPONSABILIDAD LIMITADA;SIERRA;LOJA;LOJA;PEQUEÑA;SOCIETARIO;7;1016165,21;895327,96;225000;94171,32;INMOBILIARIA
95025;RESPONSABILIDAD LIMITADA;SIERRA;AZUAY;CUENCA;PEQUEÑA;SOCIETARIO;10;2778890,49;2563759,78;561188,31;94101,09;INMOBILIARIA
109071;ANÓNIMA;COSTA;GUAYAS;GUAYAQUIL;PEQUEÑA;SOCIETARIO;4;268890,46;177573,04;137074,46;94014,48;INMOBILIARIA
145128;ANÓNIMA;SIERRA;PICHINCHA;QUITO;PEQUEÑA;SOCIETARIO;6;2642206,25;534172,12;512195,1;93773,15;INMOBILIARIA
96938;RESPONSABILIDAD LIMITADA;SIERRA;TUNGURAHUA;AMBATO;MEDIANA;SOCIETARIO;3;1146323,17;483310,61;1949880,55;93475,36;INMOBILIARIA
130642;ANÓNIMA;COSTA;GUAYAS;GUAYAQUIL;PEQUEÑA;SOCIETARIO;8;1281929,84;417056,12;0;93068,02;INMOBILIARIA
712921;ANÓNIMA;COSTA;GUAYAS;GUAYAQUIL;PEQUEÑA;SOCIETARIO;4;636485,19;96124,34;160500;92719,84;INMOBILIARIA
170008;ANÓNIMA;COSTA;GUAYAS;GUAYAQUIL;PEQUEÑA;SOCIETARIO;4;1030495,1;905431,52;415462,99;92102,67;INMOBILIARIA
132853;ANÓNIMA;COSTA;GUAYAS;GUAYAQUIL;MEDIANA;SOCIETARIO;8;915916,04;318155,72;469965,19;91300,66;INMOBILIARIA
46586;ANÓNIMA;SIERRA;PICHINCHA;QUITO;PEQUEÑA;SOCIETARIO;4;7457646,24;6468985,18;523896,92;89399,25;INMOBILIARIA
149959;ANÓNIMA;COSTA;GUAYAS;ELOY ALFARO (DURAN);GRANDE;SOCIETARIO;37;643183,04;326385,4;7499402,84;88916,75;INMOBILIARIA
69512;ANÓNIMA;SIERRA;PICHINCHA;QUITO;PEQUEÑA;SOCIETARIO;8;2081336,95;1859204,08;421500;88207,67;INMOBILIARIA
126428;ANÓNIMA;COSTA;GUAYAS;GUAYAQUIL;MEDIANA;SOCIETARIO;10;365452,71;303650,52;2481631;88165,45;INMOBILIARIA
116662;ANÓNIMA;COSTA;GUAYAS;GUAYAQUIL;PEQUEÑA;SOCIETARIO;14;1381419,03;116902,59;653325,13;87681,98;INMOBILIARIA
111003;ANÓNIMA;COSTA;GUAYAS;GUAYAQUIL;MICROEMPRESA;SOCIETARIO;4;140822,09;140822,09;0;85732,09;INMOBILIARIA
123288;ANÓNIMA;COSTA;GUAYAS;GUAYAQUIL;MEDIANA;SOCIETARIO;7;2198800,08;1389450,81;1647556,12;85467,71;INMOBILIARIA
110026;ANÓNIMA;COSTA;GUAYAS;GUAYAQUIL;PEQUEÑA;SOCIETARIO;4;1275934,79;402364,94;135713,18;85405,29;INMOBILIARIA
112047;ANÓNIMA;COSTA;GUAYAS;GUAYAQUIL;PEQUEÑA;SOCIETARIO;7;850012,58;629620,31;211434,08;85230,33;INMOBILIARIA
62678;ANÓNIMA;COSTA;MANABI;MANTA;GRANDE;SOCIETARIO;11;28723088,2;4424531,25;1949266,43;84914,04;INMOBILIARIA
701391;RESPONSABILIDAD LIMITADA;SIERRA;AZUAY;CUENCA;MEDIANA;SOCIETARIO;49;11577147,6;88849,84;2490834,07;84843,16;INMOBILIARIA
114718;ANÓNIMA;COSTA;GUAYAS;SAMBORONDÓN;PEQUEÑA;SOCIETARIO;6;2908562,93;727813,49;608636,52;83730,72;INMOBILIARIA
142914;RESPONSABILIDAD LIMITADA;SIERRA;PICHINCHA;QUITO;MEDIANA;SOCIETARIO;3;2094673,28;273055,3;1053577,97;83477,71;INMOBILIARIA
55553;ANÓNIMA;COSTA;GUAYAS;GUAYAQUIL;PEQUEÑA;SOCIETARIO;3;787378,68;578565,78;136464,44;83393,52;INMOBILIARIA
152414;ANÓNIMA;SIERRA;PICHINCHA;QUITO;PEQUEÑA;SOCIETARIO;4;470584,8;399158,54;269591,93;83014,72;INMOBILIARIA
98478;RESPONSABILIDAD LIMITADA;SIERRA;PICHINCHA;QUITO;MEDIANA;SOCIETARIO;8;6143428,7;346148,19;2037058,32;82898,41;INMOBILIARIA
111571;ANÓNIMA;COSTA;GUAYAS;ELOY ALFARO (DURAN);MEDIANA;SOCIETARIO;6;6349809,1;1201231,46;972630,98;82711,39;INMOBILIARIA
175468;ANÓNIMA;COSTA;GUAYAS;SAMBORONDÓN;PEQUEÑA;SOCIETARIO;8;884681,59;304942,44;971448,36;82608,76;INMOBILIARIA
168426;ANÓNIMA;COSTA;GUAYAS;GUAYAQUIL;GRANDE;SOCIETARIO;17;1053555,45;255767,49;10788014,7;81832,25;INMOBILIARIA
128551;ANÓNIMA;COSTA;GUAYAS;SAMBORONDÓN;PEQUEÑA;SOCIETARIO;4;328346,99;295165,75;153237,92;81616,92;INMOBILIARIA
107785;ANÓNIMA;COSTA;GUAYAS;GUAYAQUIL;PEQUEÑA;SOCIETARIO;5;1095566,39;198642,13;0;81525,29;INMOBILIARIA
157657;ANÓNIMA;SIERRA;PICHINCHA;QUITO;PEQUEÑA;SOCIETARIO;4;3383183,43;2488804,06;217667,08;79957,98;INMOBILIARIA
30847;RESPONSABILIDAD LIMITADA;SIERRA;AZUAY;CUENCA;PEQUEÑA;SOCIETARIO;4;865689,57;695492,32;231778,66;78133,07;INMOBILIARIA
29805;ANÓNIMA;COSTA;GUAYAS;DAULE;MEDIANA;SOCIETARIO;4;473573,22;252535,91;1407950,62;78082,89;INMOBILIARIA
702568;RESPONSABILIDAD LIMITADA;SIERRA;AZUAY;CUENCA;PEQUEÑA;SOCIETARIO;9;5002415;4397022,13;459764,01;78049;INMOBILIARIA
82523;ANÓNIMA;COSTA;GUAYAS;GUAYAQUIL;MEDIANA;SOCIETARIO;29;499556;330457,33;2231159,87;77820,17;INMOBILIARIA
159812;ANÓNIMA;SIERRA;PICHINCHA;QUITO;MICROEMPRESA;SOCIETARIO;3;1493769,29;92020,51;0;77020,51;INMOBILIARIA
144624;ANÓNIMA;COSTA;GUAYAS;GUAYAQUIL;PEQUEÑA;SOCIETARIO;4;216078,04;194370,73;128881,69;76962,3;INMOBILIARIA
4291;ANÓNIMA;COSTA;GUAYAS;GUAYAQUIL;PEQUEÑA;SOCIETARIO;4;3274595,54;3218928,57;0;76374,01;INMOBILIARIA
98401;ANÓNIMA;COSTA;GUAYAS;GUAYAQUIL;PEQUEÑA;SOCIETARIO;4;4613643,62;3417497,31;584649,58;75655,75;INMOBILIARIA
19483;ANÓNIMA;COSTA;GUAYAS;SAMBORONDÓN;PEQUEÑA;SOCIETARIO;6;3106946,1;3087681,24;170417,22;75202,74;INMOBILIARIA
124007;ANÓNIMA;COSTA;GUAYAS;GUAYAQUIL;PEQUEÑA;SOCIETARIO;4;2906719,83;320192,99;249040;75108,29;INMOBILIARIA
128141;ANÓNIMA;COSTA;GUAYAS;GUAYAQUIL;PEQUEÑA;SOCIETARIO;4;2027397,04;661864,31;150198;74407,12;INMOBILIARIA
19118;ANÓNIMA;COSTA;GUAYAS;GUAYAQUIL;PEQUEÑA;SOCIETARIO;6;2444082,23;2384383,31;276584,88;73827,02;INMOBILIARIA
124040;ANÓNIMA;COSTA;GUAYAS;SAMBORONDÓN;MEDIANA;SOCIETARIO;4;9880287,77;5158336,38;3896541,39;73585,9;INMOBILIARIA
122955;ANÓNIMA;COSTA;GUAYAS;SAMBORONDÓN;PEQUEÑA;SOCIETARIO;4;2068038,96;997627,18;265455,27;73125,08;INMOBILIARIA
14886;RESPONSABILIDAD LIMITADA;SIERRA;PICHINCHA;QUITO;PEQUEÑA;SOCIETARIO;0;3219833,9;2937528,93;127011,64;72783,64;INMOBILIARIA
13296;RESPONSABILIDAD LIMITADA;SIERRA;PICHINCHA;QUITO;PEQUEÑA;SOCIETARIO;4;2163998;2146564,75;107100;72534,82;INMOBILIARIA
80549;ANÓNIMA;COSTA;GUAYAS;GUAYAQUIL;MICROEMPRESA;SOCIETARIO;11;1111991,06;324932,18;0;72137,53;INMOBILIARIA
85542;ANÓNIMA;SIERRA;PICHINCHA;QUITO;PEQUEÑA;SOCIETARIO;2;174517,04;110969,57;278196;72123,34;INMOBILIARIA
4883;ANÓNIMA;COSTA;GUAYAS;GUAYAQUIL;PEQUEÑA;SOCIETARIO;2;8562875,13;8476282,3;90920;72056,65;INMOBILIARIA
4876;ANÓNIMA;COSTA;GUAYAS;SAMBORONDÓN;PEQUEÑA;SOCIETARIO;4;1825090,12;1584247,21;901150;71963,76;INMOBILIARIA
114694;ANÓNIMA;COSTA;GUAYAS;GUAYAQUIL;PEQUEÑA;SOCIETARIO;4;2629147,85;865503,31;282738,16;70766,92;INMOBILIARIA
105323;ANÓNIMA;COSTA;GUAYAS;GUAYAQUIL;MICROEMPRESA;SOCIETARIO;4;1148187,53;1058802,11;0;70437,27;INMOBILIARIA
115192;ANÓNIMA;COSTA;GUAYAS;GUAYAQUIL;PEQUEÑA;SOCIETARIO;8;132355,95;71135,47;91269,2;70335,47;INMOBILIARIA
140288;ANÓNIMA;SIERRA;PICHINCHA;QUITO;PEQUEÑA;SOCIETARIO;4;4813089,98;2121832,39;149500;70296,6;INMOBILIARIA
63828;ANÓNIMA;SIERRA;PICHINCHA;QUITO;PEQUEÑA;SOCIETARIO;5;2676485,57;2550329,07;124680,14;70042,68;INMOBILIARIA
124328;ANÓNIMA;COSTA;GUAYAS;GUAYAQUIL;PEQUEÑA;SOCIETARIO;9;239637,47;217037,76;14140;69866,35;INMOBILIARIA
305382;ANÓNIMA;COSTA;MANABI;MANTA;PEQUEÑA;SOCIETARIO;3;4848502,72;1630572,08;424587,63;69599,86;INMOBILIARIA
10460;RESPONSABILIDAD LIMITADA;SIERRA;PICHINCHA;QUITO;PEQUEÑA;SOCIETARIO;4;2244741,7;2155504,59;126667,1;69461,01;INMOBILIARIA
100194;ANÓNIMA;COSTA;GUAYAS;GUAYAQUIL;PEQUEÑA;SOCIETARIO;4;2622928,06;515141,31;242026,26;68484,66;INMOBILIARIA
69563;ANÓNIMA;COSTA;GUAYAS;GUAYAQUIL;PEQUEÑA;SOCIETARIO;3;622403,57;588795,24;114445,36;68368,1;INMOBILIARIA
64010;ANÓNIMA;COSTA;GUAYAS;DAULE;MEDIANA;SOCIETARIO;26;6364915;626926,75;1597194,82;67936,66;INMOBILIARIA
82047;ANÓNIMA;COSTA;GUAYAS;GUAYAQUIL;MICROEMPRESA;SOCIETARIO;6;290921,18;90844,4;0;67365,84;INMOBILIARIA
92165;ANÓNIMA;SIERRA;PICHINCHA;QUITO;PEQUEÑA;SOCIETARIO;5;2241128,57;1564304,69;183409,6;67092,2;INMOBILIARIA
161757;ANÓNIMA;SIERRA;PICHINCHA;QUITO;MEDIANA;SOCIETARIO;11;3978635,78;440383,44;3029076,97;66918,93;INMOBILIARIA
45620;ANÓNIMA;SIERRA;PICHINCHA;QUITO;PEQUEÑA;SOCIETARIO;4;2313205,94;2215019,86;249542,5;66441,56;INMOBILIARIA
202341;ANÓNIMA;SIERRA;AZUAY;CUENCA;PEQUEÑA;SOCIETARIO;6;811810,7;353076,01;144000;66177,12;INMOBILIARIA
83494;ANÓNIMA;COSTA;GUAYAS;GUAYAQUIL;PEQUEÑA;SOCIETARIO;6;2632155,28;813866,88;216458,04;66173,7;INMOBILIARIA
109488;ANÓNIMA;COSTA;GUAYAS;SAMBORONDÓN;MEDIANA;SOCIETARIO;5;499745,16;488359,3;1524469,33;64519,88;INMOBILIARIA
138170;RESPONSABILIDAD LIMITADA;SIERRA;PICHINCHA;QUITO;MEDIANA;SOCIETARIO;130;628562,02;252096,84;1095139,71;64277,32;INMOBILIARIA
91722;RESPONSABILIDAD LIMITADA;SIERRA;PICHINCHA;QUITO;PEQUEÑA;SOCIETARIO;8;2065239,87;641522,78;225098;64148,47;INMOBILIARIA
702740;ANÓNIMA;COSTA;GUAYAS;GUAYAQUIL;PEQUEÑA;SOCIETARIO;5;885118,16;232743,53;120000;63906,06;INMOBILIARIA
3011;ANÓNIMA;COSTA;GUAYAS;GUAYAQUIL;PEQUEÑA;SOCIETARIO;12;3814889,83;1159464,84;215249,96;63748,09;INMOBILIARIA
135300;RESPONSABILIDAD LIMITADA;COSTA;GUAYAS;GUAYAQUIL;PEQUEÑA;SOCIETARIO;4;2281732,9;221753,95;139285,7;62816,57;INMOBILIARIA
179393;ANÓNIMA;SIERRA;PICHINCHA;QUITO;MEDIANA;SOCIETARIO;4;3281355,96;-21075,3;1769424,69;62649,1;INMOBILIARIA
175138;RESPONSABILIDAD LIMITADA;SIERRA;AZUAY;CUENCA;PEQUEÑA;SOCIETARIO;11;1445243,53;983751,09;282800;62593,86;INMOBILIARIA
44025;ANÓNIMA;COSTA;GUAYAS;GUAYAQUIL;PEQUEÑA;SOCIETARIO;3;845479,55;799261,83;180000;62184,27;INMOBILIARIA
143781;ANÓNIMA;COSTA;GUAYAS;GUAYAQUIL;PEQUEÑA;SOCIETARIO;6;136951,34;119469,2;381652,32;61982,15;INMOBILIARIA
175700;ANÓNIMA;SIERRA;PICHINCHA;QUITO;PEQUEÑA;SOCIETARIO;4;421677,91;267117,51;592864,68;61918,3;INMOBILIARIA
148981;ANÓNIMA;COSTA;GUAYAS;GUAYAQUIL;MEDIANA;SOCIETARIO;12;94067230,3;288900,15;3128412,84;61418,94;INMOBILIARIA
27516;RESPONSABILIDAD LIMITADA;COSTA;GUAYAS;GUAYAQUIL;MEDIANA;SOCIETARIO;15;26078859,6;7392407,69;1418036,34;61391,73;INMOBILIARIA
97080;ANÓNIMA;COSTA;EL ORO;EL GUABO;MEDIANA;SOCIETARIO;22;28140747,4;896351,24;1738915,88;61352,99;INMOBILIARIA
110111;ANÓNIMA;COSTA;GUAYAS;GUAYAQUIL;PEQUEÑA;SOCIETARIO;4;1131101,51;463473,69;125000;60863,24;INMOBILIARIA
155233;ANÓNIMA;SIERRA;PICHINCHA;QUITO;PEQUEÑA;SOCIETARIO;10;2213168,16;320384,78;394919,81;60775,49;INMOBILIARIA
172999;ANÓNIMA;COSTA;GUAYAS;GUAYAQUIL;PEQUEÑA;SOCIETARIO;4;61250,15;61250,15;314079,5;60450,15;INMOBILIARIA
23794;ANÓNIMA;COSTA;GUAYAS;GUAYAQUIL;PEQUEÑA;SOCIETARIO;11;4497488,96;4404451,85;452373,57;59631,04;INMOBILIARIA
178707;ANÓNIMA;COSTA;SANTA ELENA;LA LIBERTAD;PEQUEÑA;SOCIETARIO;21;402426,63;69162,67;606360,79;58973,56;INMOBILIARIA
70929;ANÓNIMA;COSTA;GUAYAS;GUAYAQUIL;MEDIANA;SOCIETARIO;11;14457027,3;7810457,79;2085717,05;58968,39;INMOBILIARIA
5648;ANÓNIMA;COSTA;GUAYAS;GUAYAQUIL;PEQUEÑA;SOCIETARIO;3;2182793,54;1877976,56;224030,16;58582,64;INMOBILIARIA
63840;ANÓNIMA;COSTA;GUAYAS;GUAYAQUIL;PEQUEÑA;SOCIETARIO;4;1226973,58;170460;240702,24;58188,66;INMOBILIARIA
41502;ANÓNIMA;COSTA;GUAYAS;SAMBORONDÓN;PEQUEÑA;SOCIETARIO;7;5598432,23;4545377,14;356209,45;57968,56;INMOBILIARIA
61416;ANÓNIMA;COSTA;GUAYAS;GUAYAQUIL;PEQUEÑA;SOCIETARIO;5;1447475,8;199467,26;770736;57502,39;INMOBILIARIA
85584;ANÓNIMA;SIERRA;PICHINCHA;QUITO;PEQUEÑA;SOCIETARIO;5;3393842,17;3326981,94;240000;57382,95;INMOBILIARIA
133678;RESPONSABILIDAD LIMITADA;COSTA;GUAYAS;GUAYAQUIL;PEQUEÑA;SOCIETARIO;4;1662975,32;745201,62;156894,75;57155,53;INMOBILIARIA
112238;ANÓNIMA;SIERRA;PICHINCHA;QUITO;PEQUEÑA;SOCIETARIO;2;2554454,25;217444,87;210614,94;56817,56;INMOBILIARIA
134161;ANÓNIMA;COSTA;GUAYAS;GUAYAQUIL;PEQUEÑA;SOCIETARIO;6;391991,53;57654,87;162283,84;56454,87;INMOBILIARIA
119726;ANÓNIMA;COSTA;GUAYAS;GUAYAQUIL;MICROEMPRESA;SOCIETARIO;4;304664,97;292904,69;99642,96;56167,8;INMOBILIARIA
13650;ANÓNIMA;SIERRA;PICHINCHA;QUITO;PEQUEÑA;SOCIETARIO;4;2695902,36;2339224,03;332106,22;56040,52;INMOBILIARIA
43104;ANÓNIMA;COSTA;GUAYAS;SAMBORONDÓN;PEQUEÑA;SOCIETARIO;4;154129,53;127422,54;214865,69;55754,19;INMOBILIARIA
77819;ANÓNIMA;COSTA;GUAYAS;GUAYAQUIL;PEQUEÑA;SOCIETARIO;4;2915503,21;2408839,17;352340,84;55719,48;INMOBILIARIA
162703;ANÓNIMA;SIERRA;IMBABURA;IBARRA;MEDIANA;SOCIETARIO;23;17266082,6;2619281;2904355,29;55643,86;INMOBILIARIA
83713;ANÓNIMA;COSTA;GUAYAS;GUAYAQUIL;PEQUEÑA;SOCIETARIO;4;2526073,72;363167,97;45637,44;55374,87;INMOBILIARIA
16176;ANÓNIMA;SIERRA;PICHINCHA;QUITO;PEQUEÑA;SOCIETARIO;9;170772,2;75872,77;655642,61;55071,04;INMOBILIARIA
159656;RESPONSABILIDAD LIMITADA;SIERRA;PICHINCHA;QUITO;PEQUEÑA;SOCIETARIO;6;6235604,79;1286427,67;526230,01;54561,47;INMOBILIARIA
134974;ANÓNIMA;COSTA;GUAYAS;GUAYAQUIL;MICROEMPRESA;SOCIETARIO;4;368452,56;367077,9;6000;54417,26;INMOBILIARIA
158754;ANÓNIMA;SIERRA;PICHINCHA;QUITO;PEQUEÑA;SOCIETARIO;4;395276,85;207254,68;101850,57;53973,53;INMOBILIARIA
130170;ANÓNIMA;COSTA;GUAYAS;GUAYAQUIL;PEQUEÑA;SOCIETARIO;4;1196581,92;1162549,46;389630,37;53852,99;INMOBILIARIA
130910;ANÓNIMA;COSTA;GUAYAS;SAMBORONDÓN;MEDIANA;SOCIETARIO;4;18036968,4;335150,17;3566157,36;53312,29;INMOBILIARIA
158068;RESPONSABILIDAD LIMITADA;SIERRA;PICHINCHA;QUITO;PEQUEÑA;SOCIETARIO;3;3851655,99;2519452,42;483952,52;53105,54;INMOBILIARIA
132043;ANÓNIMA;COSTA;GUAYAS;DAULE;PEQUEÑA;SOCIETARIO;6;2084021,96;1532185,66;315488,9;52946,38;INMOBILIARIA
128799;ANÓNIMA;COSTA;GUAYAS;GUAYAQUIL;MEDIANA;SOCIETARIO;45;163516,63;54442,14;755001,31;52862,11;INMOBILIARIA
43870;ANÓNIMA;COSTA;GUAYAS;GUAYAQUIL;PEQUEÑA;SOCIETARIO;10;3614979,77;3002790,01;300000;52797,28;INMOBILIARIA
137182;RESPONSABILIDAD LIMITADA;SIERRA;PICHINCHA;QUITO;MEDIANA;SOCIETARIO;8;8171581,99;652503,11;1204675,35;52654,36;INMOBILIARIA
85904;ANÓNIMA;SIERRA;PICHINCHA;QUITO;PEQUEÑA;SOCIETARIO;6;1898790,95;784142,94;133039,36;52582,09;INMOBILIARIA
720231;RESPONSABILIDAD LIMITADA;SIERRA;TUNGURAHUA;PATATE;MICROEMPRESA;SOCIETARIO;5;70000;62506,84;53571,43;52506,84;INMOBILIARIA
117753;ANÓNIMA;COSTA;GUAYAS;GUAYAQUIL;PEQUEÑA;SOCIETARIO;4;460968,47;415831,87;202438,63;52465,71;INMOBILIARIA
164841;ANÓNIMA;SIERRA;PICHINCHA;QUITO;PEQUEÑA;SOCIETARIO;26;287942,09;-171617,69;733238,31;52313,63;INMOBILIARIA
142721;ANÓNIMA;COSTA;GUAYAS;DAULE;PEQUEÑA;SOCIETARIO;4;4474667,85;63253,6;694390,83;52239,23;INMOBILIARIA
159081;ANÓNIMA;SIERRA;PICHINCHA;QUITO;PEQUEÑA;SOCIETARIO;4;816626,41;314438,58;144880;52183,57;INMOBILIARIA
104619;ANÓNIMA;COSTA;GUAYAS;SAMBORONDÓN;PEQUEÑA;SOCIETARIO;2;3353780,87;1255723,2;200208,89;51732,78;INMOBILIARIA
107316;ANÓNIMA;COSTA;GUAYAS;GUAYAQUIL;PEQUEÑA;SOCIETARIO;4;492525,67;491497,76;523190,4;51588,41;INMOBILIARIA
708446;ANÓNIMA;COSTA;GUAYAS;GUAYAQUIL;PEQUEÑA;SOCIETARIO;8;182325,74;88366,57;911008,59;51533,92;INMOBILIARIA
16508;RESPONSABILIDAD LIMITADA;SIERRA;PICHINCHA;QUITO;PEQUEÑA;SOCIETARIO;5;1565614,83;766374,01;382619,52;51448,93;INMOBILIARIA
70834;ANÓNIMA;COSTA;GUAYAS;GUAYAQUIL;MICROEMPRESA;SOCIETARIO;4;124865,87;113679,7;0;51412,85;INMOBILIARIA
58545;ANÓNIMA;COSTA;GUAYAS;GUAYAQUIL;PEQUEÑA;SOCIETARIO;12;1022721,84;856498,86;154590;51254,64;INMOBILIARIA
4977;ANÓNIMA;COSTA;GUAYAS;SAMBORONDÓN;PEQUEÑA;SOCIETARIO;4;2467241,74;712452,84;230960,76;51089,49;INMOBILIARIA
107011;ANÓNIMA;COSTA;GUAYAS;GUAYAQUIL;MICROEMPRESA;SOCIETARIO;4;53916,66;53916,66;0;50913,26;INMOBILIARIA
702028;ANÓNIMA;COSTA;MANABI;MANTA;MEDIANA;SOCIETARIO;4;694008,6;69129,07;1442000;50508,49;INMOBILIARIA
121118;ANÓNIMA;COSTA;GUAYAS;GUAYAQUIL;MEDIANA;SOCIETARIO;9;377966,81;177335,56;1030661,82;49974,78;INMOBILIARIA
56418;ANÓNIMA;COSTA;GUAYAS;GUAYAQUIL;PEQUEÑA;SOCIETARIO;6;1856414,55;1708270,95;336000;49887,13;INMOBILIARIA
71073;ANÓNIMA;COSTA;GUAYAS;SAMBORONDÓN;MICROEMPRESA;SOCIETARIO;17;392455,56;377523,73;78372,97;49369,33;INMOBILIARIA
134920;ANÓNIMA;COSTA;GUAYAS;GUAYAQUIL;PEQUEÑA;SOCIETARIO;4;935350,03;370938,96;116281,89;49250,12;INMOBILIARIA
46225;ANÓNIMA;SIERRA;PICHINCHA;QUITO;PEQUEÑA;SOCIETARIO;3;1112559,74;1016765,46;249600;48741,58;INMOBILIARIA
108043;ANÓNIMA;COSTA;GUAYAS;GUAYAQUIL;MEDIANA;SOCIETARIO;24;2486354,25;312083,96;1424406,32;48589,28;INMOBILIARIA
33003;ANÓNIMA;SIERRA;AZUAY;CUENCA;PEQUEÑA;SOCIETARIO;8;1845596,23;1802513,94;249909,35;47853,65;INMOBILIARIA
114833;ANÓNIMA;COSTA;GUAYAS;GUAYAQUIL;PEQUEÑA;SOCIETARIO;3;324392,64;132913,87;627724,01;47578,08;INMOBILIARIA
67849;ANÓNIMA;COSTA;GUAYAS;GUAYAQUIL;GRANDE;SOCIETARIO;94;5523098,72;537893,5;5645317,53;47319,87;INMOBILIARIA
129638;ANÓNIMA;COSTA;GUAYAS;GUAYAQUIL;MEDIANA;SOCIETARIO;4;1038154,19;203301,04;2607199,83;47257,15;INMOBILIARIA
80965;ANÓNIMA;COSTA;GUAYAS;GUAYAQUIL;PEQUEÑA;SOCIETARIO;8;97188,68;60922,12;440436,5;46969,63;INMOBILIARIA
74555;ANÓNIMA;COSTA;GUAYAS;GUAYAQUIL;PEQUEÑA;SOCIETARIO;7;7402676,54;5888108,59;299346;46725,84;INMOBILIARIA
161395;ANÓNIMA;SIERRA;PICHINCHA;QUITO;PEQUEÑA;SOCIETARIO;13;339946,7;136255,78;746083,07;46606,78;INMOBILIARIA
96370;ANÓNIMA;COSTA;MANABI;MANTA;PEQUEÑA;SOCIETARIO;22;2561437,32;110498,25;431364,65;46584,72;INMOBILIARIA
8679;ANÓNIMA;COSTA;GUAYAS;GUAYAQUIL;PEQUEÑA;SOCIETARIO;8;381799,83;375479,83;151200;46580;INMOBILIARIA
98692;ANÓNIMA;COSTA;GUAYAS;GUAYAQUIL;MEDIANA;SOCIETARIO;3;1494421,26;408654,53;107033,88;46533,97;INMOBILIARIA
141883;ANÓNIMA;SIERRA;PICHINCHA;QUITO;PEQUEÑA;SOCIETARIO;5;422416,44;138301,99;446745,73;46232,11;INMOBILIARIA
127811;ANÓNIMA;COSTA;GUAYAS;GUAYAQUIL;MICROEMPRESA;SOCIETARIO;7;414822,83;240921,29;83445,84;45972,44;INMOBILIARIA
147616;ANÓNIMA;COSTA;GUAYAS;GUAYAQUIL;PEQUEÑA;SOCIETARIO;2;1219919,65;97692,15;177685,7;45799,73;INMOBILIARIA
8043;ANÓNIMA;SIERRA;PICHINCHA;QUITO;PEQUEÑA;SOCIETARIO;4;617511,21;616367,24;153699,72;45773,56;INMOBILIARIA
138417;RESPONSABILIDAD LIMITADA;SIERRA;TUNGURAHUA;AMBATO;MICROEMPRESA;SOCIETARIO;2;123183,45;123183,45;0;45764,19;INMOBILIARIA
137069;ANÓNIMA;COSTA;GUAYAS;GUAYAQUIL;PEQUEÑA;SOCIETARIO;4;498100,34;192536,81;744754,28;45760,41;INMOBILIARIA
142873;ANÓNIMA;COSTA;GUAYAS;GUAYAQUIL;GRANDE;SOCIETARIO;50;8904926,4;3004725,08;5276737,4;45607,8;INMOBILIARIA
44689;ANÓNIMA;COSTA;GUAYAS;GUAYAQUIL;PEQUEÑA;SOCIETARIO;6;854562,21;729186,12;168000;45216,51;INMOBILIARIA
40509;ANÓNIMA;COSTA;GUAYAS;GUAYAQUIL;PEQUEÑA;SOCIETARIO;7;1524553,22;703913;156000;44761,47;INMOBILIARIA
121812;ANÓNIMA;COSTA;GUAYAS;GUAYAQUIL;MEDIANA;SOCIETARIO;3;2566063,1;571897;387333,65;44728,81;INMOBILIARIA
126935;ANÓNIMA;COSTA;GUAYAS;GUAYAQUIL;PEQUEÑA;SOCIETARIO;4;710381,3;174319,77;220383,47;44346,9;INMOBILIARIA
72856;ANÓNIMA;COSTA;GUAYAS;GUAYAQUIL;MICROEMPRESA;SOCIETARIO;3;358777,32;327520,49;71519,3;44205,6;INMOBILIARIA
137528;ANÓNIMA;SIERRA;PICHINCHA;QUITO;PEQUEÑA;SOCIETARIO;3;3316926,8;175906,93;130675,75;44171,59;INMOBILIARIA
79565;ANÓNIMA;COSTA;GUAYAS;GUAYAQUIL;PEQUEÑA;SOCIETARIO;6;448662,82;396979,16;218531;43975,57;INMOBILIARIA
61945;ANÓNIMA;COSTA;GUAYAS;SAMBORONDÓN;MICROEMPRESA;SOCIETARIO;4;214960,23;137288,82;28219,72;43806,82;INMOBILIARIA
153946;ANÓNIMA;SIERRA;PICHINCHA;QUITO;PEQUEÑA;SOCIETARIO;4;800346,39;792010,59;127768,05;43652,37;INMOBILIARIA
134742;ANÓNIMA;COSTA;GUAYAS;GUAYAQUIL;PEQUEÑA;SOCIETARIO;2;6491230,28;4357140,11;144000;43619,81;INMOBILIARIA
79704;ANÓNIMA;COSTA;GUAYAS;GUAYAQUIL;MICROEMPRESA;SOCIETARIO;4;145686,78;60968,26;14067,22;43564,8;INMOBILIARIA
29917;ANÓNIMA;COSTA;GUAYAS;GUAYAQUIL;PEQUEÑA;SOCIETARIO;6;468412,79;115628,91;341728,46;43520;INMOBILIARIA
160988;ANÓNIMA;SIERRA;PICHINCHA;QUITO;PEQUEÑA;SOCIETARIO;7;5515804,78;1606037,25;773736,31;43464,91;INMOBILIARIA
73939;ANÓNIMA;COSTA;GUAYAS;GUAYAQUIL;PEQUEÑA;SOCIETARIO;16;406870,45;236783,76;675198,16;43157,56;INMOBILIARIA
9240;ANÓNIMA;COSTA;GUAYAS;GUAYAQUIL;MICROEMPRESA;SOCIETARIO;2;1485880,04;1484637,76;45600;43042,12;INMOBILIARIA
120296;ANÓNIMA;COSTA;GUAYAS;GUAYAQUIL;PEQUEÑA;SOCIETARIO;6;1305573,49;516175,29;422639,94;42944,36;INMOBILIARIA
4664;ANÓNIMA;COSTA;GUAYAS;GUAYAQUIL;MICROEMPRESA;SOCIETARIO;4;149358,77;101943,07;76083,5;42731,69;INMOBILIARIA
3898;ANÓNIMA;COSTA;GUAYAS;GUAYAQUIL;PEQUEÑA;SOCIETARIO;4;321763,88;314029,38;138590;42695,5;INMOBILIARIA
128504;ANÓNIMA;COSTA;GUAYAS;GUAYAQUIL;PEQUEÑA;SOCIETARIO;5;268723;195394,45;532722,69;42612,71;INMOBILIARIA
45268;ANÓNIMA;SIERRA;TUNGURAHUA;AMBATO;PEQUEÑA;SOCIETARIO;4;1031113,93;1021790,91;270695,84;42552,77;INMOBILIARIA
44001;ANÓNIMA;COSTA;GUAYAS;GUAYAQUIL;PEQUEÑA;SOCIETARIO;6;4797671,08;4009536,73;160662,05;42394,51;INMOBILIARIA
67374;ANÓNIMA;COSTA;GUAYAS;GUAYAQUIL;PEQUEÑA;SOCIETARIO;3;809643,35;804680,33;139080;42287,64;INMOBILIARIA
113071;ANÓNIMA;COSTA;GUAYAS;GUAYAQUIL;PEQUEÑA;SOCIETARIO;5;810867,94;85171,39;611148,43;42125,95;INMOBILIARIA
177720;RESPONSABILIDAD LIMITADA;SIERRA;PICHINCHA;QUITO;MICROEMPRESA;SOCIETARIO;4;618743,53;52454,98;95997,04;42014,57;INMOBILIARIA
57604;ANÓNIMA;COSTA;GUAYAS;GUAYAQUIL;PEQUEÑA;SOCIETARIO;6;355438,03;279365,58;0;41864,77;INMOBILIARIA
119369;ANÓNIMA;COSTA;GUAYAS;GUAYAQUIL;PEQUEÑA;SOCIETARIO;4;357722,1;169720,88;158598,51;41501,21;INMOBILIARIA
701371;ANÓNIMA;SIERRA;PICHINCHA;QUITO;PEQUEÑA;SOCIETARIO;4;1997792,01;1560212,39;204000;40934,61;INMOBILIARIA
141098;ANÓNIMA;COSTA;GUAYAS;GUAYAQUIL;PEQUEÑA;SOCIETARIO;6;67573,1;42854,7;239528,39;40815,63;INMOBILIARIA
121112;ANÓNIMA;COSTA;GUAYAS;GUAYAQUIL;MICROEMPRESA;SOCIETARIO;3;44363,94;41354,1;0;40554,1;INMOBILIARIA
101087;ANÓNIMA;COSTA;SANTA ELENA;LA LIBERTAD;PEQUEÑA;SOCIETARIO;4;246758,58;215254,89;481310,68;40374,43;INMOBILIARIA
132176;ANÓNIMA;COSTA;GUAYAS;GUAYAQUIL;PEQUEÑA;SOCIETARIO;12;342143,58;308237,52;379399,55;40102,9;INMOBILIARIA
78935;ANÓNIMA;COSTA;GUAYAS;GUAYAQUIL;MICROEMPRESA;SOCIETARIO;3;177255,26;141579,51;0;39744,41;INMOBILIARIA
107635;ANÓNIMA;COSTA;GUAYAS;GUAYAQUIL;PEQUEÑA;SOCIETARIO;4;2902033,49;1225083,82;304500;39733,98;INMOBILIARIA
61813;ANÓNIMA;SIERRA;PICHINCHA;QUITO;PEQUEÑA;SOCIETARIO;5;2146032,05;610223,19;191614,97;39690,94;INMOBILIARIA
114857;ANÓNIMA;COSTA;GUAYAS;SAMBORONDÓN;PEQUEÑA;SOCIETARIO;10;955173,23;762121,09;116986,5;39577,97;INMOBILIARIA
64479;ANÓNIMA;COSTA;GUAYAS;GUAYAQUIL;MEDIANA;SOCIETARIO;4;375311,05;247160,74;4657568,81;39474,94;INMOBILIARIA
710152;ANÓNIMA;COSTA;GUAYAS;GUAYAQUIL;PEQUEÑA;SOCIETARIO;8;7777123,45;3881747,36;690004,03;39177,55;INMOBILIARIA
42668;ANÓNIMA;COSTA;GUAYAS;GUAYAQUIL;MICROEMPRESA;SOCIETARIO;4;166616,72;165780,79;90450,61;39163,36;INMOBILIARIA
160138;ANÓNIMA;SIERRA;PICHINCHA;QUITO;MEDIANA;SOCIETARIO;30;2119417,81;267198,4;2315176,13;38634,16;INMOBILIARIA
124798;ANÓNIMA;COSTA;GUAYAS;GUAYAQUIL;MEDIANA;SOCIETARIO;106;444688,07;355610,41;1163000;38544,2;INMOBILIARIA
144885;ANÓNIMA;COSTA;GUAYAS;GUAYAQUIL;PEQUEÑA;SOCIETARIO;4;1742072,89;1720687,58;120000;38525,04;INMOBILIARIA
144115;ANÓNIMA;SIERRA;PICHINCHA;QUITO;PEQUEÑA;SOCIETARIO;2;2160517,11;2106204,49;427975,32;38503,14;INMOBILIARIA
6827;ANÓNIMA;SIERRA;AZUAY;CUENCA;MICROEMPRESA;SOCIETARIO;4;591266,68;580883,02;82610,88;38486,98;INMOBILIARIA
140716;ANÓNIMA;SIERRA;PICHINCHA;QUITO;PEQUEÑA;SOCIETARIO;7;329635,67;113553,65;849016,57;38151,96;INMOBILIARIA
121020;ANÓNIMA;COSTA;GUAYAS;GUAYAQUIL;MICROEMPRESA;SOCIETARIO;6;384989,52;271582,58;5800;37711,97;INMOBILIARIA
129566;ANÓNIMA;COSTA;GUAYAS;GUAYAQUIL;MICROEMPRESA;SOCIETARIO;4;1312266,54;89647,67;50493,3;37050,26;INMOBILIARIA
118763;ANÓNIMA;COSTA;GUAYAS;GUAYAQUIL;PEQUEÑA;SOCIETARIO;47;1955677,61;1059043,82;105606,76;36972,61;INMOBILIARIA
83164;ANÓNIMA;COSTA;GUAYAS;GUAYAQUIL;MICROEMPRESA;SOCIETARIO;4;107031,64;91446,88;79751,88;36930,21;INMOBILIARIA
85778;ANÓNIMA;SIERRA;PICHINCHA;QUITO;MICROEMPRESA;SOCIETARIO;2;672233,03;648784,03;81380,88;36916,42;INMOBILIARIA
124044;ANÓNIMA;COSTA;GUAYAS;GUAYAQUIL;PEQUEÑA;SOCIETARIO;8;1385675,66;1009281,16;219007;36900,3;INMOBILIARIA
8631;ANÓNIMA;COSTA;GUAYAS;GUAYAQUIL;PEQUEÑA;SOCIETARIO;4;1604625,38;1486311,39;228250,49;36830,63;INMOBILIARIA
101360;ANÓNIMA;COSTA;GUAYAS;GUAYAQUIL;PEQUEÑA;SOCIETARIO;5;862572,46;111208,65;180000;36751,01;INMOBILIARIA
63039;ANÓNIMA;COSTA;GUAYAS;ELOY ALFARO (DURAN);PEQUEÑA;SOCIETARIO;4;259464,96;37537,7;227291,25;36737,7;INMOBILIARIA
131772;ANÓNIMA;COSTA;GUAYAS;GUAYAQUIL;PEQUEÑA;SOCIETARIO;6;936716,65;296214,5;184717,31;36713,34;INMOBILIARIA
159279;ANÓNIMA;SIERRA;PICHINCHA;QUITO;MEDIANA;SOCIETARIO;4;2769263,73;77831,53;1769122,4;36601,53;INMOBILIARIA
5047;ANÓNIMA;COSTA;GUAYAS;GUAYAQUIL;PEQUEÑA;SOCIETARIO;4;110784,8;79560,46;0;36446,25;INMOBILIARIA
92989;ANÓNIMA;SIERRA;PICHINCHA;QUITO;PEQUEÑA;SOCIETARIO;8;435094,17;298812,81;111127,46;36018,38;INMOBILIARIA
147285;ANÓNIMA;SIERRA;AZUAY;CUENCA;PEQUEÑA;SOCIETARIO;5;3582273,3;736162,21;191000;35874,98;INMOBILIARIA
36666;ANÓNIMA;SIERRA;TUNGURAHUA;AMBATO;PEQUEÑA;SOCIETARIO;6;2077170,13;1628685,95;204495,47;35717,65;INMOBILIARIA
65984;ANÓNIMA;COSTA;GUAYAS;GUAYAQUIL;PEQUEÑA;SOCIETARIO;3;2385357,81;870243,69;478504,59;35529,82;INMOBILIARIA
181590;RESPONSABILIDAD LIMITADA;COSTA;GUAYAS;GUAYAQUIL;PEQUEÑA;SOCIETARIO;10;50049,89;28664,73;137300;35451,71;INMOBILIARIA
136139;ANÓNIMA;COSTA;GUAYAS;GUAYAQUIL;PEQUEÑA;SOCIETARIO;9;328462,12;281252,48;105455,4;35423,04;INMOBILIARIA
77970;ANÓNIMA;COSTA;GUAYAS;GUAYAQUIL;MICROEMPRESA;SOCIETARIO;1;300175,46;285717,29;87330;35214,85;INMOBILIARIA
158486;ANÓNIMA;SIERRA;PICHINCHA;QUITO;MEDIANA;SOCIETARIO;4;1829273,92;350762,39;2955504,53;35025,88;INMOBILIARIA
124471;ANÓNIMA;COSTA;GUAYAS;TARIFA;PEQUEÑA;SOCIETARIO;6;6467825,17;1379452,02;232026,67;34967,76;INMOBILIARIA
106615;ANÓNIMA;COSTA;GUAYAS;GUAYAQUIL;MICROEMPRESA;SOCIETARIO;4;59829,52;58865,31;77355,02;34722,14;INMOBILIARIA
120330;ANÓNIMA;COSTA;GUAYAS;GUAYAQUIL;PEQUEÑA;SOCIETARIO;4;564335,16;140700,87;190588,89;34665,06;INMOBILIARIA
71499;ANÓNIMA;COSTA;GUAYAS;GUAYAQUIL;PEQUEÑA;SOCIETARIO;3;165404,18;104394,27;130514,62;34399,07;INMOBILIARIA
25540;ANÓNIMA;COSTA;GUAYAS;GUAYAQUIL;MICROEMPRESA;SOCIETARIO;6;496892,67;476729,06;0;34374,47;INMOBILIARIA
33326;ANÓNIMA;SIERRA;AZUAY;CUENCA;PEQUEÑA;SOCIETARIO;8;857818;842716,42;142712,65;34211,48;INMOBILIARIA
144880;RESPONSABILIDAD LIMITADA;SIERRA;PICHINCHA;QUITO;MEDIANA;SOCIETARIO;2;1485736,23;-30726,93;1310914,74;34083,85;INMOBILIARIA
129652;ANÓNIMA;COSTA;GUAYAS;GUAYAQUIL;PEQUEÑA;SOCIETARIO;4;210958,94;103287,14;468436,65;33783,91;INMOBILIARIA
9286;ANÓNIMA;COSTA;GUAYAS;GUAYAQUIL;PEQUEÑA;SOCIETARIO;4;1998149,52;1481980,28;192973,88;33772,09;INMOBILIARIA
160383;ANÓNIMA;SIERRA;PICHINCHA;QUITO;PEQUEÑA;SOCIETARIO;5;4033256,28;2359787,17;120000;33758,62;INMOBILIARIA
60984;RESPONSABILIDAD LIMITADA;SIERRA;AZUAY;CUENCA;PEQUEÑA;SOCIETARIO;7;3444358,73;221403,14;376200;33733,79;INMOBILIARIA
148630;ANÓNIMA;SIERRA;PICHINCHA;QUITO;PEQUEÑA;SOCIETARIO;4;129556,76;55886,36;76633,04;33692,84;INMOBILIARIA
61769;ANÓNIMA;COSTA;GUAYAS;GUAYAQUIL;MICROEMPRESA;SOCIETARIO;3;71862,77;33621,77;0;33621,77;INMOBILIARIA
129821;ANÓNIMA;COSTA;GUAYAS;GUAYAQUIL;PEQUEÑA;SOCIETARIO;27;393582,94;241253,61;483509,11;33439,83;INMOBILIARIA
7842;ANÓNIMA;SIERRA;PICHINCHA;QUITO;PEQUEÑA;SOCIETARIO;8;3138113,73;2262718,05;580892,15;33422,13;INMOBILIARIA
5306;ANÓNIMA;COSTA;GUAYAS;GUAYAQUIL;PEQUEÑA;SOCIETARIO;4;525955,8;411726,43;106896,95;33293,55;INMOBILIARIA
131756;ANÓNIMA;COSTA;GUAYAS;GUAYAQUIL;PEQUEÑA;SOCIETARIO;11;1166964,17;327004,21;590600,01;33230,04;INMOBILIARIA
3345;ANÓNIMA;COSTA;GUAYAS;GUAYAQUIL;PEQUEÑA;SOCIETARIO;6;1350614,01;1077361,86;58960;33177,26;INMOBILIARIA
703696;ANÓNIMA;COSTA;GUAYAS;GUAYAQUIL;PEQUEÑA;SOCIETARIO;3;1038175,67;836135,13;312590,4;33001,86;INMOBILIARIA
57845;ANÓNIMA;COSTA;GUAYAS;GUAYAQUIL;PEQUEÑA;SOCIETARIO;4;480975,19;370374;72000;32973,38;INMOBILIARIA
709936;RESPONSABILIDAD LIMITADA;SIERRA;PICHINCHA;QUITO;PEQUEÑA;SOCIETARIO;4;333703,48;59025,39;106800;32281,83;INMOBILIARIA
9113;ANÓNIMA;COSTA;GUAYAS;GUAYAQUIL;PEQUEÑA;SOCIETARIO;4;337000,52;319384,2;108000;32231,15;INMOBILIARIA
178852;ANÓNIMA;COSTA;GUAYAS;GUAYAQUIL;PEQUEÑA;SOCIETARIO;3;103829,64;94265,03;483137,13;32055,83;INMOBILIARIA
165726;ANÓNIMA;COSTA;GUAYAS;SAMBORONDÓN;PEQUEÑA;SOCIETARIO;12;536447,2;467742,94;452176,84;32019,44;INMOBILIARIA
135518;ANÓNIMA;COSTA;GUAYAS;GUAYAQUIL;PEQUEÑA;SOCIETARIO;4;338372,58;317684,27;117663,08;31900,61;INMOBILIARIA
113637;ANÓNIMA;COSTA;GUAYAS;GUAYAQUIL;PEQUEÑA;SOCIETARIO;3;444803,61;106443,64;140653,96;31859,13;INMOBILIARIA
170221;ANÓNIMA;COSTA;GUAYAS;GUAYAQUIL;PEQUEÑA;SOCIETARIO;16;644253,86;171912,42;789443,44;31855,63;INMOBILIARIA
7616;ANÓNIMA;SIERRA;PICHINCHA;QUITO;PEQUEÑA;SOCIETARIO;10;2904348,82;1962431,61;128232,9;31852,4;INMOBILIARIA
58589;ANÓNIMA;COSTA;GUAYAS;GUAYAQUIL;PEQUEÑA;SOCIETARIO;3;467661,69;441249,89;128567,36;31828,31;INMOBILIARIA
102797;ANÓNIMA;COSTA;GUAYAS;GUAYAQUIL;PEQUEÑA;SOCIETARIO;26;548048,42;234781,07;170944,76;31819,1;INMOBILIARIA
112385;ANÓNIMA;COSTA;GUAYAS;GUAYAQUIL;PEQUEÑA;SOCIETARIO;9;2126101,78;1564355,36;324762,25;31580,63;INMOBILIARIA
11592;ANÓNIMA;COSTA;GUAYAS;GUAYAQUIL;PEQUEÑA;SOCIETARIO;10;1096337,93;1067857,63;868552,45;31555,25;INMOBILIARIA
160700;RESPONSABILIDAD LIMITADA;SIERRA;PICHINCHA;QUITO;MEDIANA;SOCIETARIO;12;3429468,18;655990,94;1916351,51;31376,17;INMOBILIARIA
40250;ANÓNIMA;COSTA;LOS RIOS;QUEVEDO;MICROEMPRESA;SOCIETARIO;6;349099,1;333156,05;74314,56;31365,71;INMOBILIARIA
51629;RESPONSABILIDAD LIMITADA;SIERRA;PICHINCHA;QUITO;MEDIANA;SOCIETARIO;26;492379,98;117320,07;1698268,76;31302,59;INMOBILIARIA
126332;ANÓNIMA;COSTA;GUAYAS;GUAYAQUIL;MICROEMPRESA;SOCIETARIO;4;530215,22;165792,38;91940,56;31276,12;INMOBILIARIA
183518;RESPONSABILIDAD LIMITADA;SIERRA;AZUAY;CUENCA;PEQUEÑA;SOCIETARIO;4;41593,94;31602,89;862364,8;31202,89;INMOBILIARIA
40004;ANÓNIMA;COSTA;GUAYAS;GUAYAQUIL;PEQUEÑA;SOCIETARIO;9;1550132,5;581926,01;157500;31068,95;INMOBILIARIA
58014;ANÓNIMA;COSTA;GUAYAS;GUAYAQUIL;PEQUEÑA;SOCIETARIO;4;917236,03;483830,7;162877,8;30684,39;INMOBILIARIA
22338;RESPONSABILIDAD LIMITADA;COSTA;GUAYAS;GUAYAQUIL;PEQUEÑA;SOCIETARIO;3;3136668,25;3072077,2;124549,78;30668,56;INMOBILIARIA
96180;ANÓNIMA;COSTA;MANABI;MANTA;MICROEMPRESA;SOCIETARIO;6;343757,82;210153,49;76000;30428,87;INMOBILIARIA
705366;ANÓNIMA;COSTA;GUAYAS;GUAYAQUIL;PEQUEÑA;SOCIETARIO;9;1013714,06;42052,86;221778,01;30226,26;INMOBILIARIA
99044;ANÓNIMA;COSTA;GUAYAS;GUAYAQUIL;MEDIANA;SOCIETARIO;6;1656402,3;68700,81;1030812,32;30056,31;INMOBILIARIA
68190;ANÓNIMA;COSTA;GUAYAS;GUAYAQUIL;MICROEMPRESA;SOCIETARIO;4;373439,39;364987,87;50970;29964,46;INMOBILIARIA
2970;ANÓNIMA;COSTA;GUAYAS;GUAYAQUIL;MICROEMPRESA;SOCIETARIO;4;76056,43;55602,34;90216,96;29847,83;INMOBILIARIA
21053;RESPONSABILIDAD LIMITADA;COSTA;GUAYAS;GUAYAQUIL;PEQUEÑA;SOCIETARIO;3;180541,72;139604,56;294466,23;29648,29;INMOBILIARIA
144530;ANÓNIMA;SIERRA;AZUAY;CUENCA;PEQUEÑA;SOCIETARIO;13;97534,61;79160,58;177011,33;29569,9;INMOBILIARIA
100995;ANÓNIMA;COSTA;GUAYAS;GUAYAQUIL;MICROEMPRESA;SOCIETARIO;2;165165,02;152912,81;38047,68;29416,17;INMOBILIARIA
146917;ANÓNIMA;COSTA;GUAYAS;GUAYAQUIL;PEQUEÑA;SOCIETARIO;3;164092,73;146133,92;122862,43;29330,96;INMOBILIARIA
130875;ANÓNIMA;COSTA;GUAYAS;GUAYAQUIL;MEDIANA;SOCIETARIO;4;166218,34;120179,73;1009661,65;29089,66;INMOBILIARIA
29902;RESPONSABILIDAD LIMITADA;SIERRA;PICHINCHA;QUITO;PEQUEÑA;SOCIETARIO;4;1158868,87;41144,65;111415,13;28983,31;INMOBILIARIA
117876;ANÓNIMA;COSTA;GUAYAS;GUAYAQUIL;PEQUEÑA;SOCIETARIO;3;2334601,06;705918,86;141099,24;28680,57;INMOBILIARIA
139769;ANÓNIMA;COSTA;GUAYAS;GUAYAQUIL;PEQUEÑA;SOCIETARIO;4;1029588,17;324286,2;215108,36;28565,76;INMOBILIARIA
13933;ANÓNIMA;SIERRA;PICHINCHA;QUITO;PEQUEÑA;SOCIETARIO;4;324075,39;227012,84;77900,91;28523,37;INMOBILIARIA
177371;ANÓNIMA;COSTA;GUAYAS;GUAYAQUIL;MEDIANA;SOCIETARIO;4;1021648,31;58595,17;2170011,75;28438,72;INMOBILIARIA
143705;ANÓNIMA;COSTA;GUAYAS;GUAYAQUIL;PEQUEÑA;SOCIETARIO;14;80458,77;71777,3;554243,11;28376,84;INMOBILIARIA
147289;ANÓNIMA;SIERRA;PICHINCHA;QUITO;MICROEMPRESA;SOCIETARIO;4;273037,76;148407,08;60000;28231,33;INMOBILIARIA
118036;ANÓNIMA;COSTA;GUAYAS;GUAYAQUIL;PEQUEÑA;SOCIETARIO;5;189897,01;88429,21;158830,59;28122,07;INMOBILIARIA
146796;ANÓNIMA;COSTA;GUAYAS;GUAYAQUIL;PEQUEÑA;SOCIETARIO;4;180369,41;162596,91;159900;27982,5;INMOBILIARIA
87714;ANÓNIMA;SIERRA;PICHINCHA;QUITO;PEQUEÑA;SOCIETARIO;9;503916,25;331767,89;297857,52;27900,39;INMOBILIARIA
157819;ANÓNIMA;SIERRA;PICHINCHA;QUITO;PEQUEÑA;SOCIETARIO;11;924359,45;301243,98;735622,54;27864,71;INMOBILIARIA
131887;ANÓNIMA;COSTA;GUAYAS;GUAYAQUIL;PEQUEÑA;SOCIETARIO;41;579114,11;41249,75;987776,79;27858,68;INMOBILIARIA
166569;ANÓNIMA;COSTA;GUAYAS;GUAYAQUIL;PEQUEÑA;SOCIETARIO;22;2480543,32;1827487,36;323150,68;27782,84;INMOBILIARIA
91390;ANÓNIMA;SIERRA;PICHINCHA;QUITO;MICROEMPRESA;SOCIETARIO;4;69382,62;61488,15;1400;27698,82;INMOBILIARIA
109878;ANÓNIMA;COSTA;GUAYAS;GUAYAQUIL;PEQUEÑA;SOCIETARIO;12;1980215,9;1786954,94;325913,32;27613,41;INMOBILIARIA
35791;ANÓNIMA;COSTA;MANABI;MANTA;PEQUEÑA;SOCIETARIO;3;230136,81;188620,95;152370;27612,77;INMOBILIARIA
104830;ANÓNIMA;COSTA;GUAYAS;GUAYAQUIL;PEQUEÑA;SOCIETARIO;6;635476,86;32263,33;284781,55;27587,96;INMOBILIARIA
118755;ANÓNIMA;COSTA;LOS RIOS;BABAHOYO;MEDIANA;SOCIETARIO;39;1983528,06;608202,11;2255404,4;27477,87;INMOBILIARIA
73030;ANÓNIMA;COSTA;GUAYAS;GUAYAQUIL;PEQUEÑA;SOCIETARIO;6;470306,58;401698,42;106261,4;27193,37;INMOBILIARIA
24557;ANÓNIMA;COSTA;GUAYAS;GUAYAQUIL;PEQUEÑA;SOCIETARIO;7;2558468,6;2391761,1;245177,04;27136,95;INMOBILIARIA
174696;ANÓNIMA;SIERRA;PICHINCHA;QUITO;PEQUEÑA;SOCIETARIO;4;20942,67;703,67;286935,01;27091,54;INMOBILIARIA
177223;ANÓNIMA;COSTA;GUAYAS;GUAYAQUIL;PEQUEÑA;SOCIETARIO;5;118909,01;105490,67;240772,72;26996,54;INMOBILIARIA
124634;ANÓNIMA;COSTA;GUAYAS;GUAYAQUIL;PEQUEÑA;SOCIETARIO;2;274294,6;32384,77;969937,98;26738,19;INMOBILIARIA
